{"cameraMode":{"drawMode":0,"name":"Shaded","section":"Shading Mode"},"sceneLighting":false,"audioPlay":false,"sceneViewState":{"m_AlwaysRefresh":false,"showFog":true,"showSkybox":false,"showFlares":false,"showImageEffects":true,"showParticleSystems":true,"showVisualEffectGraphs":true,"m_FxEnabled":true},"in2DMode":false,"pivot":{"x":-4.7814741134643559,"y":0.4377403259277344,"z":9.756208419799805},"rotation":{"x":0.015606575645506382,"y":0.9831793308258057,"z":-0.1519155353307724,"w":0.10092290490865708},"size":58.103782653808597,"orthographic":false}